Workbook

Sheet Read Me
A1: Vita policy valuation - Excel verification of policy_valuation.py / run_from_csv.py
A3: Purpose
A4: This workbook reproduces the calculation in run_from_csv.py and policy_valuation.py with Excel formulas, so the Python results can be checked independently.
A6: Sheets
A7: Durational Assumptions: copy of durational_assumptions.csv (inputs), plus the derived lapse rate and the same input checks the Python code performs.
A8: Policy Assumptions: copy of policy_assumptions.csv (inputs), plus the term check the Python code performs.
A9: POL-001, POL-002: one period-by-period schedule per policy. Each column matches a field of PeriodDetail in policy_valuation.py.
A10: Summary: the Excel value for each policy next to the Python value, with the difference and a pass/fail flag.
A12: Method (as implemented in the Python code)
A13: 1. lapse[t] = 1 - persistency_rate[t].
A14: 2. In-force probability at the start of period 1 is 1. For t > 1: in_force[t] = in_force[t-1] * (1 - qx[t-1]) * (1 - lapse[t-1]).
A15: 3. Cumulative discount factor: DF[t] = DF[t-1] / (1 + interest_rate[t]), with DF[0] = 1. Death benefits are paid at the end of the period.
... A26: If the durational table grows beyond 5 rows, extend the schedule rows on each policy sheet to match.

Sheet Summary
A1: Summary - Excel vs. Python
A3: policy_id | B3: term | C3: propensity_to_buy | D3: face_amount | E3: APV before propensity (Excel) | F3: Value (Excel) | G3: Value (Python) | H3: Difference (Excel - Python) | I3: Match (|diff| < 0.005)
A4: ='POL-001'!C3 -> POL-001 | B4: ='POL-001'!C4 -> 3 | C4: ='POL-001'!C5 -> 0.5 | D4: ='POL-001'!C6 -> 100000 | E4: ='POL-001'!I15 -> 4927.6463 | F4: ='POL-001'!I16 -> 2463.8231 | G4: 2463.8231 | H4: =F4-G4 -> 0 | I4: =IF(ABS(H4)<0.005,"PASS","FAIL") -> PASS
A5: ='POL-002'!C3 -> POL-002 | B5: ='POL-002'!C4 -> 5 | C5: ='POL-002'!C5 -> 0.35 | D5: ='POL-002'!C6 -> 250000 | E5: ='POL-002'!I15 -> 23945.015 | F5: ='POL-002'!I16 -> 8380.7552 | G5: 8380.7552 | H5: =F5-G5 -> 0 | I5: =IF(ABS(H5)<0.005,"PASS","FAIL") -> PASS
A7: Value (Python) is copied from the output of: python run_from_csv.py (run on 2026-09-22 against the CSVs in Vita\python). Update it if the inputs change.
A8: All input checks | C8: =IF(COUNTIF('Durational Assumptions'!F2:I6,"FAIL")+COUNTIF('Policy Assumptions'!E2:G3,"FAIL")+COUNTIF('Durational Assumptions'!D10,"FAIL")=0,"OK","FAIL - see assumption sheets") -> OK

Sheet Durational Assumptions
A1: duration | B1: qx | C1: persistency_rate | D1: interest_rate | E1: lapse (derived) | F1: check: qx in [0,1] | G1: check: persistency in [0,1] | H1: check: qx + lapse <= 1 | I1: check: interest_rate > -1
A2: 1 | B2: 0.01 | C2: 0.95 | D2: 0.05 | E2: =1-C2 -> 0.05 | F2: =IF(AND(B2>=0,B2<=1),"OK","FAIL") -> OK | G2: =IF(AND(C2>=0,C2<=1),"OK","FAIL") -> OK | H2: =IF(B2+E2<=1,"OK","FAIL") -> OK | I2: =IF(D2>-1,"OK","FAIL") -> OK
A3: 2 | B3: 0.02 | C3: 0.95 | D3: 0.05 | E3: =1-C3 -> 0.05 | F3: =IF(AND(B3>=0,B3<=1),"OK","FAIL") -> OK | G3: =IF(AND(C3>=0,C3<=1),"OK","FAIL") -> OK | H3: =IF(B3+E3<=1,"OK","FAIL") -> OK | I3: =IF(D3>-1,"OK","FAIL") -> OK
A4: 3 | B4: 0.03 | C4: 0.95 | D4: 0.05 | E4: =1-C4 -> 0.05 | F4: =IF(AND(B4>=0,B4<=1),"OK","FAIL") -> OK | G4: =IF(AND(C4>=0,C4<=1),"OK","FAIL") -> OK | H4: =IF(B4+E4<=1,"OK","FAIL") -> OK | I4: =IF(D4>-1,"OK","FAIL") -> OK
A5: 4 | B5: 0.035 | C5: 0.94 | D5: 0.045 | E5: =1-C5 -> 0.06 | F5: =IF(AND(B5>=0,B5<=1),"OK","FAIL") -> OK | G5: =IF(AND(C5>=0,C5<=1),"OK","FAIL") -> OK | H5: =IF(B5+E5<=1,"OK","FAIL") -> OK | I5: =IF(D5>-1,"OK","FAIL") -> OK
A6: 5 | B6: 0.04 | C6: 0.94 | D6: 0.045 | E6: =1-C6 -> 0.06 | F6: =IF(AND(B6>=0,B6<=1),"OK","FAIL") -> OK | G6: =IF(AND(C6>=0,C6<=1),"OK","FAIL") -> OK | H6: =IF(B6+E6<=1,"OK","FAIL") -> OK | I6: =IF(D6>-1,"OK","FAIL") -> OK
A8: Source: durational_assumptions.csv (Vita\python), copied as given.
A9: Durations must run 1, 2, 3, ... with no gaps, as run_from_csv.py requires.
A10: check: durations contiguous from 1 | D10: =IF(SUMPRODUCT(--(A2:A6=ROW(A2:A6)-1))=COUNT(A2:A6),"OK","FAIL") -> OK

Sheet Policy Assumptions
A1: policy_id | B1: term | C1: propensity_to_buy | D1: face_amount | E1: check: term is positive integer and <= durations available | F1: check: propensity in [0,1] | G1: check: face_amount > 0
A2: POL-001 | B2: 3 | C2: 0.5 | D2: 100000 | E2: =IF(AND(B2>0,B2=INT(B2),B2<=COUNT('Durational Assumptions'!$A$2:$A$6)),"OK","FAIL") -> OK | F2: =IF(AND(C2>=0,C2<=1),"OK","FAIL") -> OK | G2: =IF(D2>0,"OK","FAIL") -> OK
A3: POL-002 | B3: 5 | C3: 0.35 | D3: 250000 | E3: =IF(AND(B3>0,B3=INT(B3),B3<=COUNT('Durational Assumptions'!$A$2:$A$6)),"OK","FAIL") -> OK | F3: =IF(AND(C3>=0,C3<=1),"OK","FAIL") -> OK | G3: =IF(D3>0,"OK","FAIL") -> OK
A5: Source: policy_assumptions.csv (Vita\python), copied as given.

Sheet POL-001
A1: Valuation schedule - POL-001
A3: Policy ID | C3: POL-001
A4: term | C4: =INDEX('Policy Assumptions'!$B:$B,MATCH($C$3,'Policy Assumptions'!$A:$A,0)) -> 3
A5: propensity_to_buy | C5: =INDEX('Policy Assumptions'!$C:$C,MATCH($C$3,'Policy Assumptions'!$A:$A,0)) -> 0.5
A6: face_amount | C6: =INDEX('Policy Assumptions'!$D:$D,MATCH($C$3,'Policy Assumptions'!$A:$A,0)) -> 100000
A8: period t | B8: active (t <= term) | C8: qx | D8: lapse | E8: interest_rate | F8: in_force_prob (start of period) | G8: discount_factor (cumulative) | H8: expected_death_benefit (undiscounted) | I8: present_value
A9: ='Durational Assumptions'!A2 -> 1 | B9: =IF(A9<=$C$4,1,0) -> 1 | C9: ='Durational Assumptions'!B2 -> 0.01 | D9: ='Durational Assumptions'!E2 -> 0.05 | E9: ='Durational Assumptions'!D2 -> 0.05 | F9: 1 | G9: =1/(1+E9) -> 0.95238095 | H9: =B9*F9*C9*$C$6 -> 1000 | I9: =H9*G9 -> 952.38095
A10: ='Durational Assumptions'!A3 -> 2 | B10: =IF(A10<=$C$4,1,0) -> 1 | C10: ='Durational Assumptions'!B3 -> 0.02 | D10: ='Durational Assumptions'!E3 -> 0.05 | E10: ='Durational Assumptions'!D3 -> 0.05 | F10: =F9*(1-C9)*(1-D9) -> 0.9405 | G10: =G9/(1+E10) -> 0.90702948 | H10: =B10*F10*C10*$C$6 -> 1881 | I10: =H10*G10 -> 1706.1224
A11: ='Durational Assumptions'!A4 -> 3 | B11: =IF(A11<=$C$4,1,0) -> 1 | C11: ='Durational Assumptions'!B4 -> 0.03 | D11: ='Durational Assumptions'!E4 -> 0.05 | E11: ='Durational Assumptions'!D4 -> 0.05 | F11: =F10*(1-C10)*(1-D10) -> 0.8756055 | G11: =G10/(1+E11) -> 0.8638376 | H11: =B11*F11*C11*$C$6 -> 2626.8165 | I11: =H11*G11 -> 2269.1429
A12: ='Durational Assumptions'!A5 -> 4 | B12: =IF(A12<=$C$4,1,0) -> 0 | C12: ='Durational Assumptions'!B5 -> 0.035 | D12: ='Durational Assumptions'!E5 -> 0.06 | E12: ='Durational Assumptions'!D5 -> 0.045 | F12: =F11*(1-C11)*(1-D11) -> 0.80687047 | G12: =G11/(1+E12) -> 0.82663885 | H12: =B12*F12*C12*$C$6 -> 0 | I12: =H12*G12 -> 0
A13: ='Durational Assumptions'!A6 -> 5 | B13: =IF(A13<=$C$4,1,0) -> 0 | C13: ='Durational Assumptions'!B6 -> 0.04 | D13: ='Durational Assumptions'!E6 -> 0.06 | E13: ='Durational Assumptions'!D6 -> 0.045 | F13: =F12*(1-C12)*(1-D12) -> 0.7319122 | G13: =G12/(1+E13) -> 0.79104196 | H13: =B13*F13*C13*$C$6 -> 0 | I13: =H13*G13 -> 0
A15: APV of death benefit (before propensity) | I15: =SUM(I9:I13) -> 4927.6463
A16: Value (after propensity) | I16: =I15*$C$5 -> 2463.8231
A18: Rows with active = 0 are beyond the policy term and contribute 0, matching the Python code's use of the first 'term' durations only.

Sheet POL-002
A1: Valuation schedule - POL-002
A3: Policy ID | C3: POL-002
A4: term | C4: =INDEX('Policy Assumptions'!$B:$B,MATCH($C$3,'Policy Assumptions'!$A:$A,0)) -> 5
A5: propensity_to_buy | C5: =INDEX('Policy Assumptions'!$C:$C,MATCH($C$3,'Policy Assumptions'!$A:$A,0)) -> 0.35
A6: face_amount | C6: =INDEX('Policy Assumptions'!$D:$D,MATCH($C$3,'Policy Assumptions'!$A:$A,0)) -> 250000
A8: period t | B8: active (t <= term) | C8: qx | D8: lapse | E8: interest_rate | F8: in_force_prob (start of period) | G8: discount_factor (cumulative) | H8: expected_death_benefit (undiscounted) | I8: present_value
A9: ='Durational Assumptions'!A2 -> 1 | B9: =IF(A9<=$C$4,1,0) -> 1 | C9: ='Durational Assumptions'!B2 -> 0.01 | D9: ='Durational Assumptions'!E2 -> 0.05 | E9: ='Durational Assumptions'!D2 -> 0.05 | F9: 1 | G9: =1/(1+E9) -> 0.95238095 | H9: =B9*F9*C9*$C$6 -> 2500 | I9: =H9*G9 -> 2380.9524
A10: ='Durational Assumptions'!A3 -> 2 | B10: =IF(A10<=$C$4,1,0) -> 1 | C10: ='Durational Assumptions'!B3 -> 0.02 | D10: ='Durational Assumptions'!E3 -> 0.05 | E10: ='Durational Assumptions'!D3 -> 0.05 | F10: =F9*(1-C9)*(1-D9) -> 0.9405 | G10: =G9/(1+E10) -> 0.90702948 | H10: =B10*F10*C10*$C$6 -> 4702.5 | I10: =H10*G10 -> 4265.3061
A11: ='Durational Assumptions'!A4 -> 3 | B11: =IF(A11<=$C$4,1,0) -> 1 | C11: ='Durational Assumptions'!B4 -> 0.03 | D11: ='Durational Assumptions'!E4 -> 0.05 | E11: ='Durational Assumptions'!D4 -> 0.05 | F11: =F10*(1-C10)*(1-D10) -> 0.8756055 | G11: =G10/(1+E11) -> 0.8638376 | H11: =B11*F11*C11*$C$6 -> 6567.0412 | I11: =H11*G11 -> 5672.8571
A12: ='Durational Assumptions'!A5 -> 4 | B12: =IF(A12<=$C$4,1,0) -> 1 | C12: ='Durational Assumptions'!B5 -> 0.035 | D12: ='Durational Assumptions'!E5 -> 0.06 | E12: ='Durational Assumptions'!D5 -> 0.045 | F12: =F11*(1-C11)*(1-D11) -> 0.80687047 | G12: =G11/(1+E12) -> 0.82663885 | H12: =B12*F12*C12*$C$6 -> 7060.1166 | I12: =H12*G12 -> 5836.1667
A13: ='Durational Assumptions'!A6 -> 5 | B13: =IF(A13<=$C$4,1,0) -> 1 | C13: ='Durational Assumptions'!B6 -> 0.04 | D13: ='Durational Assumptions'!E6 -> 0.06 | E13: ='Durational Assumptions'!D6 -> 0.045 | F13: =F12*(1-C12)*(1-D12) -> 0.7319122 | G13: =G12/(1+E13) -> 0.79104196 | H13: =B13*F13*C13*$C$6 -> 7319.122 | I13: =H13*G13 -> 5789.7326
A15: APV of death benefit (before propensity) | I15: =SUM(I9:I13) -> 23945.015
A16: Value (after propensity) | I16: =I15*$C$5 -> 8380.7552
A18: Rows with active = 0 are beyond the policy term and contribute 0, matching the Python code's use of the first 'term' durations only.
